{
    "model_params": {
        "input_shape": [
            24,
            30
        ],
        "n_features": 30,
        "sequence_length": 24
    },
    "training_params": {
        "batch_size": 128,
        "total_epochs": 100,
        "best_epoch": 99
    },
    "performance_metrics": {
        "final_loss": 0.6100732088088989,
        "final_mae": 0.4086560010910034,
        "best_val_loss": 0.5982702970504761,
        "out_of_range_predictions": 0
    },
    "prediction_stats": {
        "n_predictions_added": 227879,
        "mean_predicted_uv": 1.8527342081069946,
        "min_predicted_uv": 0.00121828552801162,
        "max_predicted_uv": 9.946621894836426
    }
}